Planet,P[d],Rp[REarth],Rp_err,Mp[MEarth],Mp_err,Teq[K],Teq_err,Age[Gyr],age_err,Mstar[Msun],Ms_err,Rstar[Rsun],Rs_err,Teff[K],Teff_err,H,HeI,DHe[%],EW_He[mA],EW_up_err[mA],EW_low_err[mA],F_XUV[W/m2]
55 Cnc e,0.7365,1.875,0.029,7.99,0.33,1958,15,10.2,2.5,0.905,0.015,0.943,0.01,5172,18,,ND,0.025,0.27,0.,0.,4.57
AU Mic b,8.463,4.16,0.18,11.7,5.0,593,21,0.022,0.003,0.5,0.03,0.75,0.03,3700,100,,ND,0.34,3.7,0.,0.,22.9
GJ436 b,2.6441,4.19,0.1,23.14,0.76,686,10,6.0,4.0,0.445,0.044,0.449,0.019,3479,60,YL,ND,0.41,1.45,0.,0.,0.145
GJ806 b,0.9263,1.331,0.023,1.9,0.17,940,10,4.0,4.0,0.413,0.011,0.4144,0.0038,3600,16,NDH,ND,0.7,7.4,0.,0.,1.62
GJ1214 b,1.5804,2.742,0.05,8.17,0.43,596,19,3.0,7.0,0.178,0.01,0.215,0.008,3250,100,,ND,2.1,28.9,9.4,8.5,0.2951
GJ3470 b,3.3366,4.04,0.11,11.44,0.64,733,23,1.65,1.4,0.476,0.019,0.474,0.014,3725,54,YL,Y,1.5,20.72,1.3,1.3,1.44
GJ9827 b,1.209,1.529,0.058,4.87,0.37,1114,44.,10.0,5.0,0.593,0.018,0.579,0.018,4294,52,NDB,ND,0.21,1.86,0.,0.,0.72
GJ9827 d,6.2018,1.955,0.075,3.42,0.62,646,26.,10.0,5.0,0.593,0.018,0.579,0.018,4294,52,NDB,ND,0.3,1.24,0.,0.,0.081
HD63433 b,7.1079,2.141,0.09,5.5,2.3,967,19.,0.414,0.023,0.956,0.022,0.934,0.029,5553,56,NDB,ND,0.34,2.0,0.,0.,10.3
HD63433 c,20.5438,2.69,0.11,15.5,3.9,679,13.,0.414,0.023,0.956,0.022,0.934,0.029,5553,56,YL,ND,0.4,4.2,0.,0.,2.5
HD73583 b,6.398,2.79,0.1,10.2,3.4,721,21,0.49,0.19,0.71,0.02,0.66,0.02,4511,110,NDH,Y,0.72,8.6,0.6,0.6,3.1
HD73583 c,18.8797,2.39,0.1,9.7,1.8,503,15,0.49,0.19,0.71,0.02,0.66,0.02,4511,110,NDH,ND,0.5,5.3,0.,0.,0.7
HD89345 b,11.8144,6.86,0.14,35.6,3.2,1053,14,9.4,1.3,1.12,0.04,1.657,0.02,5499,73,,NC,0.7,7.4,0.,0.,0.244
HD97658 b,9.4893,2.247,0.098,7.55,0.83,757,13.,6.0,1.0,0.77,0.05,0.741,0.024,5170,50,,ND,0.21,0.9,0.,0.,0.128
HD189733 b,2.2186,12.76,0.3,357.0,14.0,1200,20,6.8,5.2,0.806,0.048,0.756,0.018,5040,50,YB,Y,0.75,12.76,0.4,0.4,16.75
HD209458 b,3.5247,15.23,0.21,217.7,4.8,1449,12,4.0,2.0,1.119,0.033,1.155,0.015,6065,50,YB,Y,0.91,5.252,0.5,0.5,1.004
HD235088 b,7.4341,2.045,0.075,7.0,2.0,805,13.,0.65,0.15,0.843,0.05,0.789,0.021,5037,14,,Y,0.91,9.5,1.1,1.0,1.854
HAT-P-3 b,2.8997,10.2,0.4,189.1,7.6,1170,17,2.9,4.9,0.925,0.046,0.85,0.021,5190,80,,ND,1.9,20.2,0.,0.,7.968
HAT-P-11 b,4.8878,4.36,0.06,27.7,3.1,832,10,6.5,5.9,0.802,0.028,0.683,0.009,4780,50,YL,Y,1.08,12.4,2.4,2.4,2.109
HAT-P-18 b,5.508,11.15,0.58,62.6,4.1,852,28,12.4,6.4,0.77,0.031,0.749,0.037,4803,80,,Y,0.7,29.21,1.0,1.0,0.7
HAT-P-32 b,2.15,20.05,0.28,185.9,9.9,1786,26,2.7,0.8,1.16,0.041,1.219,0.016,6269,64,YH,Y,5.3,114.0,4.0,4.0,163.0
HAT-P-33 b,3.4745,18.9,0.5,229.0,41.,1782,28,2.3,0.3,1.42,0.15,1.91,0.26,6460,300.,,ND,1.4,14.9,0.,0.,6.195
HAT-P-49 b,2.6916,15.84,1.4,550.0,65.0,2131,69.,1.5,0.2,1.543,0.051,1.833,0.138,6820,52,,ND,0.6,6.4,0.,0.,14.51
HAT-P-57 b,2.4653,15.84,0.61,588.0,590.,2200,26,1.0,0.67,1.47,0.12,1.5,0.05,7500,250,NCH,NC,1.0,10.6,0.,0.,
HAT-P-67 b,4.8101,23.37,1.1,108.0,79.,1903,35,1.24,0.24,1.642,0.1,2.65,0.12,6406,65.,NCL,Y,10.0,140.0,10.,10.,
HAT-P-70 b,2.7443,21.0,1.7,2155,,2562,50,0.60,0.38,1.890,0.013,1.86,0.12,8450,540,YH,,,,,,
LTT9779 b,0.7920,4.72,0.23,28.32,0.81,1978,19,2,1.3,1.02,0.03,0.949,0.006,5443,14,,ND,0.2,3.79,0.,0., 4.8
MASCARA-2 b,3.4741,20.51,0.78,1075.0,1100.,2262,73,0.2,0.1,1.89,0.06,1.6,0.06,8980,130.,YH,ND,0.5,5.3,0.,0.,
TOI-1136 d,12.5194,4.626,0.076,8.0,2.4,840,12,0.7,0.15,1.022,0.027,0.968,0.036,5770,50,YH,ND,0.5,5.4,0.,0.,
TOI-1235 b,3.4447,1.694,0.08,5.9,0.62,775,14.,5.0,5.,0.63,0.024,0.619,0.019,3997,51,,ND,0.09,1.44,0.,0.,
TOI-1268 b,8.1577,9.1,0.6,96.0,13.0,919,30,0.245,0.14,0.96,0.04,0.92,0.06,5300,100,,Y,1.97,19.1,1.9,1.8,7.2
TOI-1431 b,2.6502,16.7,0.56,992.0,57.0,2370,70,0.29,0.32,1.895,0.1,1.923,0.068,7690,400.,NDH,ND,0.4,4.2,0.,0.,
TOI-1683 b,3.0575,2.3,0.3,8.0,3.0,927,35,2.0,1.3,0.69,0.09,0.636,0.03,4539,100,,Y,0.84,8.5,1.6,1.6,7.4
TOI-1728 b,3.4914,4.62,0.09,26.8,5.4,757,16.,7.1,4.6,0.646,0.023,0.6243,0.01,3980,32.,,ND,1.1,11.7,0.,0.,
TOI-1807 b,0.5494,1.37,0.09,2.57,0.5,2100,40.,0.3,0.08,0.75,0.025,0.68,0.015,4757,51.,NDH,ND,0.38,4.0,0.,0.,3.05
TOI-2018 b,7.4356,2.268,0.069,9.2,2.1,642,12,2.4,0.8,0.57,0.02,0.62,0.01,4174,42.,NCH,Y,1.02,7.8,1.5,1.5,1.56
TOI-2046 b,1.4972,16.1,1.2,731.0,89.0,2000,55,0.4,0.3,1.13,0.19,1.21,0.07,6200,100,NCH,NC,2.9,30.5,0.,0.,22.45
TOI-2048 b,13.7905,2.6,0.2,9.0,3.0,675,22.,0.3,0.05,0.83,0.03,0.79,0.04,5185,60,NCH,NC,1.0,10.2,0.,0.,
TOI-2076 b,10.3557,2.52,0.056,9.0,3.0,800,13,0.34,0.08,0.824,0.036,0.77,0.006,5200,70,NDH,Y,1.01,10.0,0.7,0.7,6.7
TOI-2134 b,9.2292,2.69,0.16,9.13,0.78,666,8,3.8,5.5,0.744,0.027,0.709,0.017,4580,54,,Y,0.38,3.3,0.3,0.3,0.46
TOI-2136 b,7.8519,2.2,0.07,4.7,3.1,378,13,4.6,1.0,0.3272,0.0082,0.344,0.0099,3373,108,,ND,1.44,7.8,0.,0.,
TOI-3757 b,3.4388,12.0,0.5,85.3,8.8,759,13,7.1,4.5,0.64,0.02,0.62,0.01,3913,56,,NC,6.9,73.0,0.,0.,
TRAPPIST-1 b,1.5109,1.086,0.035,0.85,0.72,400,7,7.6,2.2,0.0802,0.0073,0.117,0.0036,2550,50,,ND,0.33,3.467,0.,0.,0.7244
TRAPPIST-1 e,6.0996,0.918,0.039,0.62,0.58,251,4,7.6,2.2,0.0802,0.0073,0.117,0.0036,2550,50,,ND,1.07,10.458,0.,0.,0.112
TRAPPIST-1 f,9.2067,1.045,0.038,0.68,0.18,219,4,7.6,2.2,0.0802,0.0073,0.117,0.0036,2550,50,,ND,0.38,4.143,0.,0.,0.0645
NGTS-5 b,3.357,12.73,0.26,73.0,12.0,952,24,5.0,8.,0.661,0.065,0.739,0.014,4987,41,,ND,1.02,10.8,5.1,4.9,3.2
K2-25 b,3.4846,3.43,0.12,28.5,8.5,345,8.,0.725,0.075,0.294,0.021,0.295,0.02,3180,60,NDL,ND,1.7,17.0,0.,0.,
K2-77 b,8.1998,2.3,0.16,9.0,600.,770,30,0.12,0.78,0.8,0.12,0.76,0.03,4970,45,NCH,NC,2.7,28.0,0.,0.,13.45
K2-100 b,1.6739,3.88,0.16,21.8,6.2,1841,41,0.7,0.1,1.15,0.05,1.24,0.05,5945,110,NDH,ND,1.3,5.7,0.,0.,141.253
K2-105 b,8.267,3.59,0.11,30.0,19.0,814,12,5.0,8.,1.05,0.02,0.97,0.01,5636,52.,,NC,2.33,24.7,0.,0.,14.69
K2-136 c,17.307,3.0,0.13,18.1,1.9,425,33.,0.65,0.07,0.742,0.02,0.677,0.027,4500,50,,NC,2.3,25.0,0.,0.,0.5888
KELT-9 b,1.4811,21.701,0.053,920.0,110.0,3900,182.,0.45,0.14,2.32,0.16,2.418,0.058,9600,400,YH,ND,0.33,1.17,0.,0.,0.15
Kepler-25 c,12.7204,5.217,0.07,15.2,1.6,992,8,2.75,0.3,1.26,0.03,1.34,0.01,6354,27,,NC,1.86,19.8,0.,0.,1.019
Kepler-68 b,5.3988,2.31,0.09,8.3,2.4,1280,90,6.3,1.7,1.079,0.051,1.243,0.019,5793,74,,NC,0.72,7.6,0.,0.,1.176
V1298Tau c,8.2489,5.2,0.39,76.0,76.,968,31,0.023,0.004,1.17,0.06,1.278,0.07,5050,100,NCH,NC,3.75,95.8,0.,0.,151.356
V1298Tau b,24.1399,9.77,0.65,203.0,60.0,677,22,0.023,0.004,1.17,0.06,1.278,0.07,5050,100,,NC,1.7,19.0,0.,0.,87.09
WASP-11 b,3.7225,11.1,0.25,156.0,8.0,992,14,7.6,6.,0.81,0.04,0.772,0.015,4900,65,,NC,1.56,16.6,0.,0.,1.9
WASP-12 b,1.0914,21.71,0.63,466.0,25.0,2592,57,2.0,1.,1.434,0.11,1.657,0.046,6300,200.,YH,ND,0.5,5.3,0.,0.,3.18
WASP-39 b,4.0553,14.34,0.45,89.0,10.0,1166,14,8.5,4.,0.913,0.047,0.939,0.022,5485,50,,NC,2.04,21.7,0.,0.,1.2
WASP-47 d,9.0305,3.567,0.045,14.2,1.3,919,13,6.5,2.6,1.04,0.031,1.137,0.013,5552,75,,NC,3.29,34.9,0.,0.,0.577
WASP-48 b,2.1436,18.7,1.1,328.0,15.,2035,52,7.9,2.,1.19,0.05,1.75,0.09,6000,150,,ND,0.25,2.7,2.2,2.2,
WASP-52 b,1.7498,14.04,0.3,137.9,7.6,1315,26,0.4,0.3,0.804,0.05,0.786,0.016,5000,100,YH,Y,3.44,39.583,1.4,1.4,24.8
WASP-69 b,3.8681,11.85,0.53,82.6,5.4,963,18,2.0,0.5,0.826,0.029,0.813,0.028,4700,50,NCH,Y,3.59,28.31,0.9,0.9,4.17
WASP-76 b,1.8099,20.78,0.86,284.1,4.4,2160,40,5.3,6.1,1.458,0.021,1.756,0.071,6329,25,YH,ND,0.88,1.7,0.,0.,112.2018
WASP-77 b,1.36,13.79,0.35,530.0,22.,1715,26.,6.2,4.,0.903,0.06,0.91,0.025,5617,72,NDH,ND,0.8,8.4,0.,0.,13.182
WASP-80 b,3.0679,11.2,0.35,171.0,11.0,825,19,0.1,0.1,0.577,0.05,0.586,0.018,4143,94.,,ND,0.85,2.48,0.,0.,1.6595
WASP-107 b,5.7215,10.54,0.22,35.0,3.2,770,60,8.3,4.3,0.69,0.05,0.66,0.02,4430,120,,Y,7.26,87.152,7.6,7.6,2.664
WASP-127 b,4.1781,15.36,0.45,57.2,6.4,1400,24,11.41,1.8,1.08,0.03,1.39,0.03,5620,85,NDH,ND,0.48,6.8,0.,0.,0.058
WASP-177 b,3.0717,17.7,7.4,161.0,12.0,1142,32,9.7,3.9,0.876,0.038,0.885,0.046,5017,70,,ND,1.28,6.8,1.6,1.6,3.5
WASP-189 b,2.724,18.15,0.24,632.0,60.,2641,34,0.75,0.13,2.03,0.066,2.36,0.03,8000,80,NCH,ND,0.3,3.2,0.,0.,
